iter	Passed	Remaining
0	206	786556
1	231	440966
2	249	316911
3	455	434909
4	575	438950
5	647	411375
6	693	377912
7	901	429504
8	1113	471405
9	1324	504553
10	1537	532360
11	1747	554546
12	1958	573425
13	2161	587394
14	2362	599242
15	2569	610623
16	2776	620920
17	2982	629890
18	3106	621302
19	3314	629629
20	3519	636577
21	3726	643245
22	3937	649907
23	4143	655125
24	4350	660161
25	4558	664947
26	4765	669355
27	4966	672412
28	4994	652788
29	5201	656908
30	5323	650522
31	5538	655485
32	5748	659495
33	5793	644990
34	5814	628660
35	6021	632722
36	6089	622453
37	6120	608948
38	6236	604490
39	6260	591475
40	6464	595716
41	6672	600011
42	6878	604019
43	7083	607717
44	7286	611126
45	7497	614992
46	7705	618428
47	7914	621766
48	8121	624891
49	8325	627600
50	8527	630053
51	8739	633082
52	8774	623469
53	8846	616828
54	9053	619596
55	9126	613285
56	9198	607106
57	9404	609845
58	9611	612543
59	9818	615155
60	10023	617532
61	10231	619968
62	10436	622228
63	10560	619612
64	10766	621802
65	10971	623902
66	11179	626046
67	11384	627976
68	11411	620211
69	11535	617834
70	11584	611507
71	11656	606613
72	11861	608683
73	12068	610773
74	12116	604870
75	12144	598137
76	12351	600233
77	12556	602218
78	12573	595271
79	12773	597020
80	12893	594990
81	13101	597061
82	13307	599007
83	13513	600862
84	13721	602790
85	13927	604547
86	14134	606306
87	14335	607775
88	14536	609247
89	14736	610596
90	14937	611939
91	15138	613264
92	15337	614509
93	15538	615760
94	15738	616943
95	15944	618330
96	16156	619927
97	16367	621450
98	16577	622902
99	16787	624343
100	16992	625527
101	17195	626636
102	17397	627649
103	17597	628612
104	17797	629529
105	17999	630494
106	18202	631463
107	18402	632343
108	18605	633265
109	18806	634110
110	19006	634924
111	19211	635861
112	19415	636761
113	19622	637726
114	19826	638576
115	20040	639750
116	20247	640663
117	20453	641525
118	20663	642466
119	20863	643108
120	21074	644065
121	21284	644986
122	21489	645719
123	21695	646496
124	21901	647242
125	22106	647921
126	22313	648671
127	22518	649345
128	22725	650046
129	22931	650723
130	23135	651321
131	23340	651948
132	23545	652539
133	23752	653196
134	23960	653864
135	24171	654577
136	24379	655220
137	24586	655820
138	24792	656387
139	24993	656789
140	25198	657296
141	25408	657925
142	25614	658461
143	25825	659075
144	26033	659642
145	26241	660169
146	26450	660715
147	26656	661199
148	26864	661686
149	27070	662139
150	27276	662593
151	27484	663062
152	27690	663486
153	27897	663933
154	28105	664369
155	28311	664786
156	28518	665190
157	28725	665588
158	28933	666019
159	29141	666430
160	29344	666717
161	29545	666958
162	29745	667184
163	29946	667413
164	30147	667640
165	30348	667849
166	30550	668084
167	30751	668305
168	30952	668499
169	31152	668682
170	31352	668854
171	31553	669051
172	31753	669213
173	31955	669402
174	32156	669587
175	32357	669772
176	32559	669957
177	32766	670244
178	32973	670519
179	33178	670763
180	33383	670986
181	33594	671344
182	33799	671555
183	34010	671890
184	34221	672221
185	34430	672514
186	34633	672677
187	34838	672855
188	35043	673060
189	35252	673314
190	35451	673400
191	35665	673737
192	35876	674029
193	36087	674307
194	36297	674572
195	36506	674804
196	36719	675114
197	36928	675350
198	37137	675572
199	37345	675763
200	37557	676039
201	37774	676383
202	37986	676654
203	38197	676874
204	38407	677102
205	38620	677362
206	38830	677555
207	39041	677780
208	39254	678033
209	39468	678286
210	39679	678508
211	39893	678748
212	40106	678991
213	40321	679242
214	40532	679437
215	40746	679667
216	40957	679862
217	41170	680069
218	41381	680240
219	41593	680429
220	41808	680659
221	42019	680831
222	42234	681058
223	42445	681218
224	42657	681387
225	42871	681575
226	43083	681745
227	43294	681893
228	43509	682098
229	43721	682246
230	43931	682368
231	44143	682517
232	44357	682690
233	44572	682867
234	44785	683029
235	45000	683200
236	45210	683305
237	45425	683480
238	45637	683601
239	45849	683725
240	46058	683810
241	46272	683952
242	46484	684066
243	46694	684149
244	46905	684244
245	47123	684441
246	47340	684609
247	47547	684639
248	47753	684656
249	47966	684768
250	48175	684824
251	48390	684959
252	48598	684995
253	48804	684994
254	49029	685265
255	49247	685422
256	49458	685486
257	49670	685562
258	49882	685644
259	50096	685739
260	50311	685855
261	50517	685840
262	50717	685748
263	50927	685783
264	51141	685869
265	51353	685929
266	51562	685951
267	51773	685995
268	51998	686225
269	52226	686490
270	52434	686482
271	52648	686555
272	52858	686575
273	53064	686552
274	53271	686526
275	53477	686492
276	53685	686479
277	53895	686484
278	54106	686507
279	54314	686499
280	54523	686485
281	54732	686491
282	54940	686463
283	55150	686467
284	55356	686425
285	55565	686403
286	55779	686461
287	56013	686751
288	56246	687022
289	56458	687045
290	56663	686975
291	56868	686898
292	57072	686818
293	57278	686761
294	57483	686683
295	57688	686609
296	57895	686563
297	58100	686483
298	58305	686404
299	58511	686342
300	58718	686282
301	58923	686210
302	59132	686168
303	59340	686120
304	59548	686075
305	59752	685978
306	59957	685899
307	60161	685804
308	60369	685747
309	60576	685686
310	60783	685626
311	60989	685541
312	61195	685467
313	61401	685392
314	61607	685308
315	61812	685219
316	62018	685137
317	62222	685036
318	62425	684923
319	62630	684826
320	62846	684849
321	63061	684861
322	63267	684774
323	63472	684681
324	63676	684575
325	63887	684535
326	64099	684514
327	64303	684397
328	64509	684307
329	64714	684204
330	64918	684097
331	65123	683989
332	65330	683909
333	65535	683807
334	65740	683706
335	65944	683585
336	66150	683486
337	66356	683390
338	66564	683314
339	66769	683205
340	66977	683127
341	67181	683016
342	67387	682916
343	67592	682804
344	67798	682696
345	68006	682616
346	68210	682497
347	68415	682383
348	68617	682246
349	68825	682162
350	69032	682062
351	69237	681952
352	69445	681864
353	69648	681724
354	69852	681599
355	70057	681487
356	70266	681407
357	70472	681301
358	70676	681174
359	70882	681065
360	71090	680970
361	71296	680866
362	71505	680775
363	71708	680643
364	71913	680514
365	72117	680384
366	72323	680271
367	72528	680148
368	72736	680058
369	72943	679951
370	73147	679819
371	73351	679681
372	73557	679568
373	73764	679461
374	73969	679336
375	74174	679208
376	74378	679074
377	74583	678951
378	74791	678842
379	74994	678696
380	75199	678568
381	75405	678448
382	75609	678311
383	75814	678186
384	76019	678057
385	76224	677922
386	76430	677806
387	76636	677676
388	76839	677528
389	77048	677431
390	77254	677308
391	77460	677183
392	77666	677062
393	77872	676937
394	78076	676797
395	78281	676661
396	78488	676544
397	78694	676415
398	78898	676270
399	79101	676123
400	79308	676000
401	79514	675876
402	79719	675739
403	79925	675608
404	80129	675459
405	80333	675318
406	80540	675192
407	80745	675059
408	80953	674940
409	81161	674824
410	81367	674695
411	81573	674563
412	81776	674407
413	81980	674262
414	82185	674116
415	82392	673994
416	82597	673852
417	82801	673701
418	83006	673561
419	83212	673423
420	83418	673290
421	83623	673151
422	83827	672999
423	84032	672850
424	84236	672705
425	84447	672604
426	84650	672447
427	84862	672353
428	85065	672195
429	85269	672039
430	85479	671932
431	85684	671794
432	85889	671641
433	86094	671494
434	86299	671348
435	86503	671192
436	86706	671030
437	86910	670880
438	87117	670745
439	87322	670596
440	87529	670467
441	87735	670326
442	87942	670189
443	88148	670045
444	88354	669908
445	88559	669755
446	88762	669587
447	88970	669463
448	89175	669313
449	89379	669155
450	89586	669021
451	89793	668883
452	89998	668729
453	90204	668585
454	90411	668451
455	90617	668300
456	90822	668149
457	91028	668004
458	91232	667843
459	91437	667695
460	91643	667547
461	91852	667423
462	92060	667292
463	92266	667144
464	92472	666992
465	92679	666857
466	92889	666734
467	93106	666665
468	93314	666529
469	93520	666385
470	93728	666247
471	93935	666104
472	94140	665950
473	94349	665818
474	94555	665671
475	94761	665522
476	94977	665436
477	95190	665338
478	95396	665188
479	95607	665068
480	95814	664926
481	96020	664770
482	96228	664637
483	96434	664478
484	96646	664366
485	96857	664249
486	97071	664150
487	97297	664135
488	97507	664008
489	97713	663850
490	97926	663743
491	98135	663608
492	98346	663490
493	98549	663315
494	98759	663181
495	98973	663079
496	99182	662949
497	99388	662790
498	99592	662622
499	99801	662480
500	100007	662325
501	100216	662189
502	100419	662008
503	100625	661850
504	100834	661716
505	101044	661582
506	101255	661454
507	101461	661300
508	101668	661145
509	101875	660989
510	102080	660826
511	102285	660661
512	102489	660485
513	102699	660351
514	102905	660195
515	103113	660046
516	103319	659883
517	103525	659724
518	103731	659565
519	103938	659407
520	104144	659249
521	104352	659099
522	104559	658947
523	104768	658800
524	104972	658629
525	105180	658476
526	105387	658324
527	105598	658188
528	105808	658054
529	106020	657928
530	106243	657868
531	106470	657837
532	106680	657696
533	106883	657513
534	107088	657343
535	107291	657159
536	107494	656980
537	107698	656800
538	107904	656633
539	108108	656461
540	108312	656278
541	108513	656087
542	108718	655916
543	108921	655731
544	109129	655576
545	109332	655395
546	109535	655212
547	109737	655020
548	109942	654850
549	110145	654662
550	110351	654496
551	110553	654305
552	110757	654128
553	110964	653967
554	111171	653806
555	111380	653660
556	111590	653513
557	111799	653365
558	112006	653203
559	112214	653050
560	112423	652895
561	112633	652755
562	112841	652595
563	113047	652427
564	113254	652268
565	113464	652119
566	113670	651950
567	113874	651773
568	114080	651604
569	114288	651444
570	114495	651283
571	114703	651122
572	114911	650961
573	115116	650788
574	115322	650618
575	115527	650442
576	115734	650279
577	115941	650112
578	116147	649945
579	116356	649789
580	116561	649612
581	116766	649441
582	116976	649288
583	117186	649138
584	117396	648992
585	117604	648832
586	117823	648731
587	118055	648702
588	118261	648528
589	118467	648356
590	118675	648197
591	118886	648050
592	119090	647869
593	119302	647726
594	119512	647579
595	119720	647414
596	119925	647238
597	120126	647038
598	120335	646880
599	120545	646725
600	120753	646565
601	120960	646396
602	121179	646290
603	121396	646176
604	121614	646062
605	121821	645893
606	122026	645712
607	122232	645541
608	122442	645387
609	122648	645209
610	122858	645059
611	123071	644919
612	123289	644805
613	123505	644680
614	123707	644487
615	123912	644305
616	124118	644129
617	124328	643971
618	124530	643777
619	124735	643596
620	124945	643440
621	125149	643253
622	125351	643056
623	125553	642856
624	125755	642663
625	125958	642469
626	126162	642280
627	126367	642099
628	126571	641913
629	126776	641728
630	126977	641530
631	127181	641342
632	127383	641145
633	127584	640940
634	127786	640745
635	127991	640559
636	128196	640381
637	128405	640214
638	128608	640024
639	128814	639846
640	129022	639678
641	129230	639510
642	129438	639342
643	129645	639166
644	129850	638986
645	130055	638800
646	130262	638630
647	130471	638466
648	130681	638307
649	130890	638143
650	131097	637967
651	131306	637801
652	131513	637627
653	131717	637438
654	131925	637271
655	132130	637087
656	132341	636929
657	132546	636748
658	132755	636580
659	132963	636409
660	133169	636232
661	133375	636051
662	133582	635875
663	133788	635696
664	133993	635510
665	134199	635330
666	134405	635149
667	134613	634979
668	134819	634802
669	135027	634629
670	135232	634444
671	135440	634270
672	135647	634097
673	135853	633918
674	136060	633741
675	136267	633563
676	136473	633382
677	136681	633208
678	136889	633038
679	137098	632870
680	137306	632697
681	137512	632515
682	137721	632347
683	137928	632171
684	138137	632006
685	138345	631832
686	138550	631646
687	138756	631460
688	138961	631277
689	139167	631094
690	139374	630916
691	139581	630738
692	139787	630554
693	139992	630371
694	140199	630191
695	140406	630015
696	140613	629836
697	140820	629658
698	141026	629476
699	141233	629295
700	141444	629134
701	141652	628959
702	141858	628779
703	142068	628613
704	142275	628435
705	142482	628256
706	142691	628085
707	142903	627926
708	143113	627760
709	143322	627590
710	143526	627400
711	143733	627219
712	143941	627042
713	144147	626858
714	144356	626689
715	144566	626522
716	144774	626347
717	144983	626173
718	145190	625993
719	145398	625819
720	145606	625641
721	145813	625462
722	146019	625276
723	146225	625095
724	146435	624926
725	146641	624742
726	146846	624553
727	147054	624374
728	147265	624210
729	147469	624018
730	147679	623850
731	147884	623658
732	148093	623489
733	148299	623303
734	148506	623121
735	148729	623008
736	148961	622929
737	149194	622855
738	149428	622785
739	149661	622712
740	149894	622636
741	150127	622562
742	150362	622496
743	150590	622401
744	150802	622238
745	151028	622133
746	151261	622055
747	151492	621969
748	151724	621888
749	151954	621798
750	152178	621681
751	152402	621565
752	152627	621453
753	152847	621321
754	153071	621205
755	153293	621081
756	153511	620942
757	153734	620820
758	153955	620690
759	154175	620555
760	154400	620443
761	154640	620387
762	154861	620256
763	155076	620101
764	155289	619939
765	155494	619746
766	155698	619544
767	155906	619364
768	156117	619192
769	156330	619029
770	156543	618865
771	156752	618685
772	156967	618527
773	157180	618364
774	157388	618182
775	157597	618001
776	157805	617819
777	158013	617634
778	158221	617448
779	158427	617258
780	158635	617071
781	158843	616887
782	159050	616700
783	159259	616521
784	159465	616330
785	159672	616140
786	159880	615956
787	160087	615769
788	160296	615585
789	160502	615394
790	160710	615208
791	160917	615022
792	161125	614837
793	161334	614654
794	161540	614463
795	161749	614283
796	161952	614079
797	162153	613867
798	162356	613663
799	162558	613456
800	162760	613246
801	162964	613047
802	163168	612846
803	163371	612643
804	163572	612431
805	163774	612222
806	163976	612015
807	164176	611801
808	164382	611608
809	164589	611417
810	164791	611211
811	164995	611011
812	165199	610811
813	165408	610627
814	165609	610418
815	165811	610211
816	166018	610022
817	166233	609861
818	166456	609730
819	166664	609545
820	166877	609375
821	167104	609259
822	167317	609094
823	167540	608959
824	167766	608840
825	167987	608701
826	168199	608528
827	168409	608350
828	168622	608180
829	168831	607997
830	169044	607828
831	169254	607647
832	169464	607468
833	169675	607292
834	169880	607092
835	170092	606922
836	170302	606741
837	170506	606538
838	170711	606341
839	170935	606209
840	171140	606012
841	171354	605845
842	171583	605732
843	171791	605546
844	172020	605430
845	172231	605254
846	172436	605055
847	172655	604903
848	172869	604736
849	173077	604551
850	173304	604427
851	173522	604274
852	173726	604070
853	173929	603863
854	174136	603674
855	174365	603557
856	174570	603358
857	174783	603187
858	175004	603041
859	175222	602886
860	175434	602710
861	175656	602572
862	175862	602373
863	176066	602172
864	176271	601972
865	176476	601771
866	176680	601568
867	176884	601367
868	177090	601168
869	177294	600967
870	177499	600768
871	177704	600567
872	177910	600370
873	178116	600176
874	178324	599985
875	178531	599792
876	178736	599592
877	178941	599394
878	179149	599202
879	179354	599002
880	179558	598801
881	179765	598606
882	179971	598410
883	180176	598210
884	180380	598007
885	180585	597806
886	180789	597604
887	180993	597401
888	181202	597213
889	181409	597019
890	181613	596818
891	181819	596619
892	182023	596417
893	182230	596224
894	182437	596031
895	182645	595839
896	182851	595644
897	183058	595449
898	183265	595254
899	183470	595056
900	183677	594861
901	183881	594658
902	184086	594457
903	184291	594257
904	184495	594056
905	184700	593855
906	184906	593657
907	185112	593460
908	185319	593266
909	185532	593093
910	185743	592911
911	185949	592715
912	186155	592517
913	186383	592389
914	186602	592233
915	186809	592040
916	187033	591898
917	187241	591706
918	187467	591572
919	187680	591396
920	187896	591231
921	188100	591028
922	188329	590901
923	188558	590776
924	188768	590589
925	188976	590397
926	189182	590199
927	189392	590015
928	189605	589837
929	189811	589640
930	190036	589500
931	190260	589359
932	190473	589182
933	190679	588982
934	190890	588799
935	191106	588633
936	191309	588426
937	191517	588230
938	191729	588051
939	191939	587867
940	192151	587685
941	192355	587480
942	192565	587293
943	192770	587093
944	192971	586879
945	193181	586691
946	193384	586483
947	193587	586275
948	193794	586081
949	194002	585886
950	194213	585702
951	194418	585501
952	194639	585347
953	194847	585156
954	195057	584968
955	195271	584792
956	195478	584597
957	195687	584407
958	195893	584209
959	196103	584021
960	196311	583826
961	196520	583637
962	196734	583461
963	196941	583264
964	197147	583065
965	197348	582851
966	197556	582658
967	197765	582468
968	197972	582271
969	198180	582078
970	198389	581888
971	198601	581707
972	198818	581539
973	199030	581356
974	199238	581163
975	199451	580984
976	199667	580813
977	199878	580627
978	200084	580428
979	200290	580230
980	200498	580035
981	200707	579843
982	200919	579662
983	201133	579484
984	201341	579292
985	201544	579081
986	201748	578878
987	201956	578682
988	202166	578495
989	202374	578299
990	202581	578102
991	202788	577906
992	202997	577715
993	203205	577520
994	203410	577318
995	203617	577121
996	203825	576927
997	204032	576730
998	204240	576533
999	204446	576334
1000	204656	576145
1001	204862	575946
1002	205070	575752
1003	205280	575562
1004	205487	575365
1005	205694	575168
1006	205902	574972
1007	206107	574769
1008	206330	574617
1009	206538	574422
1010	206745	574223
1011	206948	574016
1012	207154	573816
1013	207361	573617
1014	207568	573421
1015	207780	573237
1016	207987	573040
1017	208200	572858
1018	208409	572664
1019	208614	572462
1020	208823	572269
1021	209031	572075
1022	209233	571863
1023	209443	571675
1024	209660	571504
1025	209869	571310
1026	210084	571134
1027	210294	570944
1028	210516	570788
1029	210733	570617
1030	210945	570431
1031	211156	570244
1032	211366	570053
1033	211573	569857
1034	211780	569658
1035	211988	569463
1036	212194	569263
1037	212401	569064
1038	212608	568864
1039	212814	568664
1040	213021	568466
1041	213238	568295
1042	213447	568100
1043	213652	567897
1044	213862	567708
1045	214078	567533
1046	214286	567336
1047	214494	567142
1048	214709	566964
1049	214921	566777
1050	215127	566577
1051	215334	566379
1052	215547	566196
1053	215758	566007
1054	215968	565816
1055	216177	565624
1056	216380	565414
1057	216581	565200
1058	216783	564988
1059	216985	564775
1060	217185	564558
1061	217385	564343
1062	217585	564126
1063	217788	563915
1064	217989	563701
1065	218189	563486
1066	218390	563271
1067	218592	563058
1068	218792	562843
1069	218995	562635
1070	219195	562418
1071	219403	562221
1072	219614	562033
1073	219828	561852
1074	220040	561666
1075	220244	561460
1076	220453	561264
1077	220661	561068
1078	220862	560856
1079	221067	560650
1080	221269	560440
1081	221475	560239
1082	221677	560026
1083	221882	559822
1084	222086	559617
1085	222287	559403
1086	222493	559201
1087	222697	558994
1088	222908	558807
1089	223116	558609
1090	223323	558411
1091	223531	558214
1092	223739	558019
1093	223949	557825
1094	224158	557632
1095	224367	557438
1096	224582	557258
1097	224793	557070
1098	224998	556865
1099	225202	556658
1100	225411	556464
1101	225617	556264
1102	225835	556091
1103	226045	555899
1104	226257	555712
1105	226470	555528
1106	226681	555338
1107	226888	555139
1108	227092	554933
1109	227297	554729
1110	227499	554517
1111	227704	554312
1112	227914	554120
1113	228125	553930
1114	228330	553726
1115	228542	553540
1116	228755	553354
1117	228961	553151
1118	229166	552948
1119	229371	552744
1120	229577	552542
1121	229790	552357
1122	229991	552143
1123	230195	551937
1124	230401	551733
1125	230613	551547
1126	230820	551348
1127	231030	551154
1128	231239	550960
1129	231445	550759
1130	231658	550572
1131	231868	550380
1132	232075	550180
1133	232281	549977
1134	232488	549778
1135	232697	549584
1136	232909	549395
1137	233124	549213
1138	233333	549020
1139	233540	548820
1140	233753	548635
1141	233969	548456
1142	234180	548265
1143	234394	548081
1144	234602	547884
1145	234810	547687
1146	235018	547488
1147	235229	547298
1148	235436	547097
1149	235644	546899
1150	235851	546701
1151	236060	546504
1152	236272	546315
1153	236478	546113
1154	236688	545920
1155	236896	545721
1156	237101	545518
1157	237305	545309
1158	237506	545096
1159	237708	544885
1160	237910	544674
1161	238113	544465
1162	238319	544261
1163	238524	544057
1164	238728	543850
1165	238930	543637
1166	239131	543425
1167	239334	543214
1168	239537	543005
1169	239738	542793
1170	239943	542587
1171	240146	542377
1172	240350	542171
1173	240551	541958
1174	240754	541748
1175	240958	541542
1176	241161	541332
1177	241362	541119
1178	241565	540909
1179	241767	540698
1180	241971	540491
1181	242173	540280
1182	242380	540080
1183	242582	539869
1184	242786	539663
1185	242993	539462
1186	243195	539249
1187	243401	539048
1188	243608	538847
1189	243810	538636
1190	244015	538431
1191	244221	538229
1192	244422	538017
1193	244624	537804
1194	244826	537594
1195	245032	537392
1196	245233	537177
1197	245438	536972
1198	245641	536763
1199	245843	536553
1200	246049	536350
1201	246253	536143
1202	246458	535939
1203	246664	535738
1204	246867	535528
1205	247077	535335
1206	247287	535140
1207	247489	534929
1208	247689	534714
1209	247892	534504
1210	248097	534300
1211	248297	534086
1212	248502	533881
1213	248713	533689
1214	248919	533486
1215	249123	533279
1216	249327	533073
1217	249530	532865
1218	249733	532655
1219	249935	532444
1220	250142	532244
1221	250346	532036
1222	250550	531831
1223	250752	531619
1224	250954	531409
1225	251157	531199
1226	251357	530985
1227	251562	530780
1228	251765	530570
1229	251968	530362
1230	252172	530157
1231	252373	529943
1232	252575	529731
1233	252778	529523
1234	252981	529315
1235	253187	529112
1236	253389	528901
1237	253591	528690
1238	253794	528482
1239	253996	528271
1240	254203	528071
1241	254415	527882
1242	254623	527683
1243	254823	527468
1244	255028	527264
1245	255237	527066
1246	255438	526855
1247	255639	526642
1248	255845	526438
1249	256053	526240
1250	256261	526041
1251	256464	525834
1252	256669	525630
1253	256874	525425
1254	257078	525218
1255	257282	525011
1256	257484	524800
1257	257686	524591
1258	257890	524383
1259	258095	524180
1260	258298	523971
1261	258501	523762
1262	258706	523557
1263	258905	523341
1264	259108	523131
1265	259312	522925
1266	259515	522718
1267	259720	522513
1268	259922	522302
1269	260126	522097
1270	260327	521883
1271	260531	521676
1272	260733	521466
1273	260934	521254
1274	261136	521043
1275	261335	520828
1276	261537	520618
1277	261738	520405
1278	261939	520191
1279	262140	519979
1280	262341	519767
1281	262542	519556
1282	262745	519346
1283	262946	519134
1284	263147	518923
1285	263348	518711
1286	263551	518501
1287	263751	518288
1288	263952	518075
1289	264153	517864
1290	264358	517658
1291	264567	517462
1292	264770	517254
1293	264972	517043
1294	265176	516838
1295	265380	516632
1296	265584	516425
1297	265788	516219
1298	265989	516008
1299	266191	515797
1300	266397	515595
1301	266602	515391
1302	266810	515191
1303	267011	514980
1304	267216	514774
1305	267423	514575
1306	267626	514366
1307	267832	514163
1308	268037	513961
1309	268247	513765
1310	268457	513571
1311	268671	513383
1312	268892	513209
1313	269106	513022
1314	269318	512830
1315	269529	512637
1316	269739	512443
1317	269949	512249
1318	270166	512066
1319	270383	511884
1320	270598	511698
1321	270815	511516
1322	271029	511329
1323	271244	511145
1324	271460	510960
1325	271677	510777
1326	271890	510589
1327	272106	510405
1328	272323	510221
1329	272532	510024
1330	272742	509829
1331	272954	509637
1332	273161	509437
1333	273369	509237
1334	273576	509035
1335	273783	508834
1336	273994	508641
1337	274195	508430
1338	274397	508219
1339	274598	508007
1340	274802	507801
1341	275003	507588
1342	275205	507377
1343	275406	507166
1344	275608	506955
1345	275811	506746
1346	276016	506542
1347	276219	506333
1348	276424	506129
1349	276627	505921
1350	276828	505708
1351	277032	505501
1352	277237	505297
1353	277439	505088
1354	277642	504879
1355	277843	504666
1356	278045	504456
1357	278250	504251
1358	278453	504043
1359	278654	503832
1360	278855	503620
1361	279057	503410
1362	279258	503197
1363	279459	502985
1364	279660	502774
1365	279860	502561
1366	280062	502349
1367	280266	502144
1368	280468	501933
1369	280670	501724
1370	280870	501511
1371	281071	501299
1372	281272	501087
1373	281479	500885
1374	281685	500684
1375	281887	500473
1376	282100	500282
1377	282314	500093
1378	282524	499898
1379	282731	499696
1380	282937	499493
1381	283144	499293
1382	283357	499103
1383	283565	498902
1384	283769	498697
1385	283975	498493
1386	284189	498305
1387	284391	498094
1388	284598	497894
1389	284801	497685
1390	285005	497478
1391	285215	497283
1392	285421	497080
1393	285634	496890
1394	285840	496686
1395	286044	496480
1396	286251	496277
1397	286465	496088
1398	286674	495891
1399	286879	495685
1400	287088	495488
1401	287294	495285
1402	287505	495090
1403	287713	494891
1404	287919	494687
1405	288139	494510
1406	288347	494310
1407	288555	494111
1408	288758	493901
1409	288961	493694
1410	289168	493491
1411	289376	493292
1412	289585	493094
1413	289793	492894
1414	289998	492690
1415	290211	492499
1416	290431	492318
1417	290642	492124
1418	290859	491939
1419	291076	491755
1420	291291	491566
1421	291507	491381
1422	291716	491181
1423	291923	490980
1424	292136	490790
1425	292350	490600
1426	292567	490414
1427	292783	490228
1428	292999	490041
1429	293210	489845
1430	293424	489655
1431	293636	489462
1432	293846	489266
1433	294049	489056
1434	294252	488847
1435	294451	488633
1436	294653	488422
1437	294854	488211
1438	295056	488001
1439	295257	487790
1440	295458	487578
1441	295669	487382
1442	295871	487173
1443	296074	486963
1444	296284	486768
1445	296486	486556
1446	296688	486348
1447	296890	486137
1448	297090	485924
1449	297291	485713
1450	297493	485503
1451	297694	485291
1452	297899	485085
1453	298109	484889
1454	298313	484682
1455	298513	484469
1456	298716	484261
1457	298920	484053
1458	299121	483842
1459	299330	483644
1460	299540	483446
1461	299744	483241
1462	299945	483028
1463	300155	482832
1464	300356	482620
1465	300558	482409
1466	300760	482200
1467	300964	481993
1468	301165	481783
1469	301370	481578
1470	301573	481369
1471	301778	481164
1472	301982	480957
1473	302184	480748
1474	302392	480547
1475	302606	480357
1476	302814	480157
1477	303020	479952
1478	303224	479746
1479	303432	479546
1480	303634	479337
1481	303839	479131
1482	304044	478927
1483	304249	478720
1484	304453	478514
1485	304654	478303
1486	304854	478090
1487	305057	477881
1488	305256	477668
1489	305457	477457
1490	305659	477247
1491	305863	477040
1492	306064	476829
1493	306266	476620
1494	306469	476412
1495	306673	476204
1496	306878	476000
1497	307095	475813
1498	307302	475611
1499	307514	475417
1500	307718	475211
1501	307925	475008
1502	308135	474811
1503	308340	474606
1504	308551	474411
1505	308760	474212
1506	308972	474017
1507	309180	473816
1508	309392	473622
1509	309599	473421
1510	309807	473220
1511	310013	473016
1512	310220	472814
1513	310427	472612
1514	310633	472409
1515	310840	472206
1516	311047	472004
1517	311253	471801
1518	311461	471600
1519	311666	471396
1520	311874	471195
1521	312081	470992
1522	312288	470790
1523	312494	470586
1524	312702	470385
1525	312908	470183
1526	313115	469981
1527	313321	469777
1528	313528	469574
1529	313730	469365
1530	313932	469155
1531	314136	468948
1532	314340	468742
1533	314541	468531
1534	314742	468320
1535	314944	468110
1536	315144	467898
1537	315348	467692
1538	315550	467482
1539	315754	467275
1540	315958	467068
1541	316158	466856
1542	316359	466646
1543	316561	466436
1544	316765	466229
1545	316966	466018
1546	317167	465807
1547	317370	465599
1548	317577	465398
1549	317778	465186
1550	317986	464986
1551	318199	464792
1552	318401	464582
1553	318603	464373
1554	318815	464178
1555	319015	463966
1556	319214	463752
1557	319416	463543
1558	319617	463332
1559	319818	463121
1560	320019	462910
1561	320220	462699
1562	320422	462490
1563	320635	462297
1564	320839	462090
1565	321045	461887
1566	321249	461680
1567	321459	461482
1568	321667	461281
1569	321877	461084
1570	322082	460879
1571	322291	460680
1572	322494	460472
1573	322695	460261
1574	322899	460054
1575	323100	459843
1576	323301	459632
1577	323501	459421
1578	323702	459210
1579	323913	459013
1580	324115	458804
1581	324317	458595
1582	324520	458387
1583	324722	458177
1584	324922	457966
1585	325123	457755
1586	325324	457545
1587	325526	457336
1588	325729	457127
1589	325930	456916
1590	326130	456705
1591	326331	456495
1592	326538	456293
1593	326743	456087
1594	326946	455879
1595	327154	455679
1596	327360	455475
1597	327575	455284
1598	327792	455096
1599	327999	454894
1600	328203	454687
1601	328414	454490
1602	328626	454295
1603	328834	454095
1604	329041	453892
1605	329254	453698
1606	329463	453498
1607	329669	453295
1608	329882	453101
1609	330091	452902
1610	330297	452697
1611	330507	452500
1612	330710	452291
1613	330913	452084
1614	331114	451873
1615	331320	451670
1616	331521	451459
1617	331720	451246
1618	331922	451037
1619	332124	450828
1620	332325	450617
1621	332526	450407
1622	332727	450196
1623	332927	449985
1624	333131	449779
1625	333332	449568
1626	333535	449360
1627	333735	449149
1628	333937	448939
1629	334140	448732
1630	334345	448526
1631	334551	448323
1632	334759	448122
1633	334964	447917
1634	335169	447712
1635	335375	447508
1636	335577	447299
1637	335779	447091
1638	335984	446885
1639	336187	446677
1640	336389	446469
1641	336591	446260
1642	336795	446054
1643	336999	445848
1644	337202	445639
1645	337404	445430
1646	337607	445223
1647	337810	445016
1648	338012	444806
1649	338215	444599
1650	338415	444388
1651	338618	444180
1652	338820	443971
1653	339023	443763
1654	339229	443560
1655	339442	443366
1656	339655	443171
1657	339858	442963
1658	340061	442756
1659	340263	442547
1660	340469	442343
1661	340676	442141
1662	340888	441945
1663	341109	441761
1664	341327	441573
1665	341543	441383
1666	341759	441191
1667	341976	441002
1668	342195	440815
1669	342417	440631
1670	342637	440445
1671	342861	440265
1672	343080	440078
1673	343298	439890
1674	343519	439704
1675	343737	439516
1676	343956	439328
1677	344180	439148
1678	344399	438960
1679	344616	438771
1680	344835	438583
1681	345056	438398
1682	345274	438209
1683	345494	438023
1684	345715	437837
1685	345935	437651
1686	346155	437464
1687	346373	437276
1688	346594	437091
1689	346815	436905
1690	347036	436719
1691	347257	436534
1692	347476	436347
1693	347694	436157
1694	347916	435973
1695	348126	435774
1696	348332	435569
1697	348534	435359
1698	348735	435150
1699	348936	434938
1700	349136	434727
1701	349337	434516
1702	349539	434307
1703	349742	434099
1704	349946	433892
1705	350150	433685
1706	350350	433474
1707	350553	433265
1708	350754	433055
1709	350958	432848
1710	351161	432641
1711	351362	432430
1712	351565	432222
1713	351769	432015
1714	351976	431812
1715	352179	431604
1716	352380	431393
1717	352580	431183
1718	352781	430972
1719	352983	430762
1720	353183	430551
1721	353384	430340
1722	353584	430129
1723	353789	429923
1724	353989	429712
1725	354191	429503
1726	354394	429294
1727	354596	429086
1728	354797	428876
1729	355009	428678
1730	355211	428469
1731	355412	428259
1732	355613	428049
1733	355814	427839
1734	356015	427629
1735	356215	427418
1736	356416	427207
1737	356625	427007
1738	356833	426804
1739	357044	426606
1740	357249	426400
1741	357449	426190
1742	357649	425978
1743	357857	425776
1744	358066	425576
1745	358268	425366
1746	358470	425157
1747	358674	424951
1748	358881	424748
1749	359083	424539
1750	359284	424329
1751	359485	424119
1752	359688	423911
1753	359894	423707
1754	360099	423502
1755	360300	423292
1756	360502	423082
1757	360702	422871
1758	360905	422663
1759	361106	422454
1760	361308	422245
1761	361510	422036
1762	361712	421826
1763	361914	421618
1764	362115	421407
1765	362316	421198
1766	362519	420990
1767	362720	420780
1768	362921	420570
1769	363122	420359
1770	363323	420150
1771	363530	419947
1772	363735	419741
1773	363937	419533
1774	364139	419324
1775	364341	419116
1776	364543	418907
1777	364744	418697
1778	364945	418487
1779	365147	418278
1780	365348	418068
1781	365549	417859
1782	365750	417649
1783	365953	417441
1784	366155	417232
1785	366355	417022
1786	366556	416812
1787	366756	416601
1788	366958	416392
1789	367162	416185
1790	367369	415983
1791	367573	415776
1792	367782	415576
1793	367985	415368
1794	368186	415158
1795	368386	414948
1796	368588	414739
1797	368790	414530
1798	368993	414323
1799	369196	414115
1800	369398	413907
1801	369600	413698
1802	369802	413489
1803	370004	413280
1804	370206	413072
1805	370408	412863
1806	370612	412657
1807	370814	412448
1808	371020	412244
1809	371224	412038
1810	371425	411828
1811	371626	411618
1812	371831	411413
1813	372041	411214
1814	372243	411006
1815	372445	410797
1816	372650	410592
1817	372856	410388
1818	373057	410179
1819	373261	409972
1820	373465	409766
1821	373672	409563
1822	373875	409356
1823	374077	409147
1824	374278	408938
1825	374480	408729
1826	374681	408519
1827	374889	408317
1828	375091	408109
1829	375291	407898
1830	375495	407692
1831	375707	407494
1832	375914	407291
1833	376123	407091
1834	376326	406884
1835	376529	406675
1836	376733	406469
1837	376938	406265
1838	377147	406063
1839	377357	405864
1840	377563	405659
1841	377766	405452
1842	377969	405245
1843	378171	405036
1844	378370	404825
1845	378571	404615
1846	378772	404406
1847	378976	404200
1848	379177	403991
1849	379378	403781
1850	379580	403573
1851	379782	403365
1852	379983	403155
1853	380184	402946
1854	380385	402736
1855	380585	402526
1856	380788	402319
1857	380998	402119
1858	381200	401910
1859	381405	401706
1860	381611	401502
1861	381817	401298
1862	382029	401100
1863	382242	400903
1864	382450	400701
1865	382657	400498
1866	382868	400299
1867	383073	400094
1868	383288	399899
1869	383497	399699
1870	383710	399501
1871	383912	399293
1872	384128	399099
1873	384335	398896
1874	384538	398689
1875	384738	398479
1876	384939	398270
1877	385140	398060
1878	385342	397852
1879	385544	397643
1880	385746	397435
1881	385948	397227
1882	386149	397018
1883	386348	396807
1884	386550	396598
1885	386750	396388
1886	386952	396180
1887	387158	395976
1888	387366	395773
1889	387572	395569
1890	387776	395363
1891	387987	395165
1892	388192	394959
1893	388394	394751
1894	388596	394543
1895	388800	394337
1896	389001	394128
1897	389202	393918
1898	389405	393711
1899	389608	393504
1900	389810	393296
1901	390018	393094
1902	390220	392886
1903	390422	392678
1904	390624	392469
1905	390827	392262
1906	391028	392053
1907	391228	391843
1908	391440	391645
1909	391641	391436
1910	391844	391228
1911	392046	391021
1912	392246	390811
1913	392448	390603
1914	392650	390394
1915	392850	390185
1916	393051	389975
1917	393251	389765
1918	393452	389556
1919	393656	389351
1920	393873	389158
1921	394086	388960
1922	394297	388761
1923	394515	388569
1924	394723	388366
1925	394924	388157
1926	395141	387964
1927	395355	387768
1928	395562	387565
1929	395765	387358
1930	395972	387154
1931	396183	386955
1932	396391	386753
1933	396599	386550
1934	396802	386343
1935	397005	386136
1936	397208	385930
1937	397416	385728
1938	397624	385525
1939	397832	385323
1940	398034	385114
1941	398237	384908
1942	398438	384699
1943	398647	384497
1944	398849	384290
1945	399054	384084
1946	399258	383878
1947	399467	383677
1948	399669	383469
1949	399871	383261
1950	400074	383053
1951	400276	382846
1952	400477	382637
1953	400679	382429
1954	400881	382221
1955	401083	382013
1956	401285	381805
1957	401487	381597
1958	401689	381389
1959	401891	381181
1960	402093	380973
1961	402294	380764
1962	402495	380555
1963	402697	380348
1964	402898	380139
1965	403098	379930
1966	403298	379720
1967	403498	379510
1968	403699	379300
1969	403901	379093
1970	404101	378883
1971	404300	378673
1972	404503	378465
1973	404702	378255
1974	404903	378046
1975	405104	377837
1976	405305	377629
1977	405506	377420
1978	405707	377211
1979	405909	377003
1980	406109	376794
1981	406311	376586
1982	406512	376377
1983	406714	376170
1984	406915	375961
1985	407116	375752
1986	407318	375544
1987	407520	375336
1988	407720	375127
1989	407921	374918
1990	408122	374710
1991	408324	374502
1992	408527	374295
1993	408728	374086
1994	408929	373878
1995	409131	373670
1996	409333	373462
1997	409534	373254
1998	409735	373046
1999	409940	372840
2000	410150	372640
2001	410357	372437
2002	410568	372237
2003	410778	372037
2004	410980	371829
2005	411185	371624
2006	411391	371420
2007	411595	371214
2008	411799	371008
2009	412006	370805
2010	412209	370599
2011	412413	370393
2012	412617	370187
2013	412822	369982
2014	413023	369774
2015	413227	369567
2016	413427	369358
2017	413627	369149
2018	413828	368940
2019	414029	368732
2020	414230	368523
2021	414431	368315
2022	414632	368106
2023	414836	367901
2024	415037	367692
2025	415240	367485
2026	415450	367284
2027	415653	367078
2028	415865	366879
2029	416075	366678
2030	416283	366476
2031	416494	366276
2032	416696	366069
2033	416905	365868
2034	417117	365669
2035	417320	365463
2036	417523	365255
2037	417726	365049
2038	417930	364843
2039	418134	364638
2040	418343	364436
2041	418546	364229
2042	418758	364031
2043	418972	363833
2044	419177	363628
2045	419389	363429
2046	419596	363226
2047	419807	363027
2048	420026	362833
2049	420236	362633
2050	420452	362437
2051	420653	362229
2052	420858	362024
2053	421060	361817
2054	421263	361610
2055	421465	361402
2056	421667	361194
2057	421869	360987
2058	422070	360779
2059	422274	360572
2060	422475	360365
2061	422678	360158
2062	422883	359953
2063	423085	359745
2064	423286	359537
2065	423487	359328
2066	423687	359119
2067	423889	358912
2068	424092	358705
2069	424294	358498
2070	424495	358289
2071	424696	358081
2072	424899	357874
2073	425099	357666
2074	425301	357458
2075	425502	357249
2076	425703	357041
2077	425905	356834
2078	426106	356626
2079	426307	356417
2080	426508	356209
2081	426712	356003
2082	426914	355796
2083	427116	355588
2084	427318	355381
2085	427520	355173
2086	427721	354965
2087	427925	354760
2088	428127	354552
2089	428328	354344
2090	428529	354136
2091	428730	353927
2092	428933	353721
2093	429133	353512
2094	429333	353303
2095	429534	353095
2096	429735	352887
2097	429936	352679
2098	430137	352471
2099	430338	352262
2100	430539	352054
2101	430741	351847
2102	430944	351640
2103	431144	351431
2104	431347	351225
2105	431548	351017
2106	431751	350810
2107	431951	350602
2108	432152	350394
2109	432353	350186
2110	432554	349977
2111	432754	349768
2112	432957	349562
2113	433157	349353
2114	433357	349144
2115	433561	348939
2116	433763	348732
2117	433970	348528
2118	434174	348322
2119	434382	348120
2120	434586	347915
2121	434792	347711
2122	434999	347507
2123	435202	347301
2124	435409	347098
2125	435614	346893
2126	435824	346692
2127	436031	346489
2128	436249	346294
2129	436462	346095
2130	436671	345894
2131	436880	345693
2132	437090	345491
2133	437302	345292
2134	437515	345094
2135	437726	344893
2136	437941	344697
2137	438149	344494
2138	438363	344296
2139	438574	344096
2140	438786	343897
2141	438994	343694
2142	439195	343486
2143	439396	343278
2144	439601	343073
2145	439809	342870
2146	440013	342665
2147	440216	342459
2148	440423	342255
2149	440637	342057
2150	440846	341856
2151	441062	341659
2152	441271	341457
2153	441481	341256
2154	441692	341056
2155	441899	340852
2156	442111	340653
2157	442331	340459
2158	442543	340260
2159	442759	340063
2160	442976	339867
2161	443186	339667
2162	443400	339469
2163	443612	339269
2164	443824	339069
2165	444037	338870
2166	444255	338675
2167	444469	338477
2168	444684	338280
2169	444900	338083
2170	445115	337885
2171	445332	337690
2172	445550	337494
2173	445764	337296
2174	445978	337098
2175	446184	336894
2176	446399	336696
2177	446614	336498
2178	446826	336298
2179	447039	336100
2180	447251	335900
2181	447467	335703
2182	447685	335507
2183	447899	335309
2184	448117	335113
2185	448332	334916
2186	448547	334718
2187	448760	334519
2188	448962	334312
2189	449167	334106
2190	449370	333900
2191	449587	333703
2192	449793	333499
2193	449996	333292
2194	450199	333086
2195	450404	332880
2196	450619	332683
2197	450834	332485
2198	451048	332286
2199	451261	332087
2200	451474	331888
2201	451678	331682
2202	451890	331481
2203	452107	331285
2204	452319	331085
2205	452529	330883
2206	452743	330684
2207	452948	330480
2208	453164	330283
2209	453380	330085
2210	453583	329879
2211	453788	329673
2212	453993	329468
2213	454196	329261
2214	454408	329061
2215	454612	328855
2216	454814	328647
2217	455017	328441
2218	455221	328235
2219	455424	328028
2220	455628	327822
2221	455832	327617
2222	456036	327410
2223	456239	327204
2224	456443	326998
2225	456647	326791
2226	456850	326585
2227	457053	326379
2228	457257	326172
2229	457460	325966
2230	457662	325759
2231	457866	325552
2232	458069	325346
2233	458274	325141
2234	458478	324935
2235	458683	324730
2236	458890	324525
2237	459095	324320
2238	459300	324115
2239	459504	323909
2240	459708	323703
2241	459912	323498
2242	460116	323292
2243	460321	323086
2244	460525	322880
2245	460729	322674
2246	460933	322468
2247	461137	322263
2248	461342	322057
2249	461546	321851
2250	461749	321645
2251	461955	321440
2252	462159	321234
2253	462363	321028
2254	462568	320823
2255	462772	320617
2256	462976	320412
2257	463181	320206
2258	463387	320002
2259	463590	319795
2260	463795	319589
2261	463997	319383
2262	464202	319177
2263	464406	318971
2264	464610	318765
2265	464813	318559
2266	465019	318354
2267	465224	318149
2268	465428	317943
2269	465635	317739
2270	465839	317533
2271	466042	317327
2272	466246	317121
2273	466451	316916
2274	466657	316712
2275	466863	316507
2276	467067	316301
2277	467272	316096
2278	467477	315890
2279	467680	315684
2280	467884	315478
2281	468089	315273
2282	468292	315067
2283	468496	314860
2284	468701	314655
2285	468906	314450
2286	469113	314246
2287	469317	314041
2288	469520	313834
2289	469727	313630
2290	469932	313424
2291	470136	313219
2292	470339	313012
2293	470543	312806
2294	470746	312600
2295	470950	312394
2296	471154	312188
2297	471358	311982
2298	471564	311778
2299	471767	311571
2300	471971	311365
2301	472175	311159
2302	472379	310954
2303	472582	310747
2304	472786	310541
2305	472989	310335
2306	473194	310129
2307	473398	309924
2308	473602	309718
2309	473804	309511
2310	474008	309305
2311	474213	309100
2312	474417	308894
2313	474621	308688
2314	474825	308482
2315	475029	308276
2316	475234	308071
2317	475438	307865
2318	475641	307659
2319	475845	307453
2320	476049	307247
2321	476253	307041
2322	476457	306836
2323	476661	306630
2324	476865	306424
2325	477069	306218
2326	477274	306013
2327	477476	305806
2328	477682	305601
2329	477886	305395
2330	478089	305189
2331	478292	304983
2332	478495	304776
2333	478699	304571
2334	478903	304365
2335	479109	304160
2336	479313	303954
2337	479515	303748
2338	479721	303543
2339	479924	303337
2340	480130	303132
2341	480333	302926
2342	480538	302720
2343	480743	302515
2344	480946	302309
2345	481151	302104
2346	481355	301898
2347	481559	301692
2348	481764	301487
2349	481967	301280
2350	482172	301075
2351	482376	300869
2352	482579	300663
2353	482784	300458
2354	482987	300252
2355	483194	300047
2356	483397	299841
2357	483602	299636
2358	483806	299431
2359	484011	299226
2360	484217	299021
2361	484422	298815
2362	484625	298609
2363	484830	298404
2364	485036	298199
2365	485240	297994
2366	485446	297789
2367	485650	297583
2368	485853	297377
2369	486058	297172
2370	486262	296966
2371	486466	296760
2372	486671	296555
2373	486875	296349
2374	487080	296145
2375	487286	295940
2376	487490	295734
2377	487694	295528
2378	487898	295323
2379	488102	295117
2380	488306	294911
2381	488509	294705
2382	488713	294499
2383	488918	294294
2384	489123	294089
2385	489326	293883
2386	489530	293677
2387	489733	293470
2388	489939	293266
2389	490145	293061
2390	490349	292856
2391	490554	292650
2392	490758	292445
2393	490962	292239
2394	491166	292034
2395	491370	291828
2396	491575	291622
2397	491780	291417
2398	491985	291212
2399	492188	291006
2400	492391	290800
2401	492595	290594
2402	492799	290388
2403	493003	290182
2404	493208	289977
2405	493411	289771
2406	493616	289566
2407	493822	289361
2408	494028	289157
2409	494235	288953
2410	494438	288747
2411	494643	288542
2412	494846	288335
2413	495051	288130
2414	495254	287924
2415	495457	287717
2416	495664	287513
2417	495871	287309
2418	496076	287104
2419	496283	286900
2420	496487	286695
2421	496691	286489
2422	496895	286284
2423	497099	286078
2424	497304	285873
2425	497507	285667
2426	497711	285461
2427	497916	285256
2428	498120	285050
2429	498325	284845
2430	498529	284639
2431	498734	284434
2432	498938	284228
2433	499144	284024
2434	499351	283820
2435	499554	283614
2436	499757	283408
2437	499962	283202
2438	500165	282996
2439	500370	282791
2440	500574	282585
2441	500779	282380
2442	500983	282174
2443	501187	281969
2444	501392	281764
2445	501596	281558
2446	501802	281354
2447	502006	281148
2448	502210	280942
2449	502413	280736
2450	502617	280530
2451	502823	280326
2452	503027	280120
2453	503233	279916
2454	503436	279709
2455	503640	279504
2456	503845	279298
2457	504052	279095
2458	504256	278889
2459	504459	278683
2460	504663	278477
2461	504868	278272
2462	505073	278067
2463	505280	277863
2464	505482	277656
2465	505685	277450
2466	505891	277245
2467	506097	277041
2468	506302	276836
2469	506506	276630
2470	506710	276424
2471	506915	276219
2472	507118	276013
2473	507326	275809
2474	507529	275603
2475	507734	275398
2476	507938	275193
2477	508143	274987
2478	508345	274781
2479	508551	274576
2480	508754	274370
2481	508959	274165
2482	509164	273960
2483	509370	273755
2484	509574	273549
2485	509779	273345
2486	509983	273139
2487	510188	272934
2488	510391	272728
2489	510595	272522
2490	510802	272318
2491	511006	272112
2492	511210	271907
2493	511413	271701
2494	511616	271495
2495	511820	271289
2496	512024	271083
2497	512229	270878
2498	512433	270672
2499	512636	270466
2500	512841	270261
2501	513045	270056
2502	513250	269851
2503	513454	269645
2504	513658	269439
2505	513862	269234
2506	514068	269029
2507	514272	268824
2508	514476	268618
2509	514681	268413
2510	514886	268208
2511	515090	268002
2512	515293	267796
2513	515499	267592
2514	515702	267386
2515	515906	267180
2516	516110	266974
2517	516314	266769
2518	516517	266563
2519	516720	266357
2520	516924	266151
2521	517128	265945
2522	517333	265740
2523	517535	265534
2524	517739	265328
2525	517942	265122
2526	518146	264917
2527	518353	264712
2528	518557	264507
2529	518764	264303
2530	518969	264098
2531	519174	263893
2532	519379	263688
2533	519585	263483
2534	519790	263278
2535	519997	263074
2536	520203	262870
2537	520408	262664
2538	520613	262459
2539	520819	262255
2540	521026	262051
2541	521232	261846
2542	521439	261642
2543	521643	261436
2544	521849	261232
2545	522054	261027
2546	522260	260822
2547	522464	260616
2548	522671	260412
2549	522877	260208
2550	523083	260003
2551	523287	259798
2552	523492	259593
2553	523699	259388
2554	523905	259184
2555	524111	258980
2556	524317	258775
2557	524524	258571
2558	524729	258366
2559	524934	258161
2560	525139	257955
2561	525345	257751
2562	525550	257546
2563	525755	257341
2564	525960	257136
2565	526165	256931
2566	526372	256726
2567	526578	256522
2568	526784	256318
2569	526989	256112
2570	527195	255908
2571	527399	255702
2572	527604	255497
2573	527809	255292
2574	528014	255087
2575	528219	254882
2576	528424	254677
2577	528630	254472
2578	528836	254267
2579	529040	254062
2580	529246	253857
2581	529452	253653
2582	529657	253448
2583	529862	253242
2584	530067	253037
2585	530273	252833
2586	530476	252627
2587	530681	252422
2588	530886	252217
2589	531092	252012
2590	531298	251808
2591	531504	251603
2592	531709	251398
2593	531915	251193
2594	532120	250988
2595	532327	250784
2596	532533	250579
2597	532740	250375
2598	532945	250170
2599	533152	249966
2600	533357	249761
2601	533562	249556
2602	533769	249352
2603	533973	249146
2604	534177	248941
2605	534382	248735
2606	534588	248531
2607	534794	248326
2608	534998	248121
2609	535206	247917
2610	535409	247711
2611	535614	247506
2612	535820	247301
2613	536028	247098
2614	536234	246893
2615	536440	246688
2616	536644	246483
2617	536850	246278
2618	537054	246073
2619	537259	245867
2620	537466	245663
2621	537671	245458
2622	537877	245253
2623	538083	245049
2624	538287	244844
2625	538492	244638
2626	538697	244433
2627	538903	244228
2628	539108	244024
2629	539313	243819
2630	539520	243614
2631	539725	243409
2632	539930	243204
2633	540134	242999
2634	540340	242794
2635	540545	242589
2636	540751	242384
2637	540956	242179
2638	541162	241975
2639	541370	241771
2640	541576	241566
2641	541782	241361
2642	541987	241156
2643	542192	240951
2644	542397	240746
2645	542602	240541
2646	542806	240335
2647	543011	240130
2648	543226	239930
2649	543437	239727
2650	543649	239525
2651	543865	239325
2652	544082	239125
2653	544293	238923
2654	544505	238721
2655	544718	238519
2656	544921	238313
2657	545125	238107
2658	545334	237904
2659	545543	237701
2660	545757	237499
2661	545967	237296
2662	546176	237093
2663	546388	236891
2664	546601	236689
2665	546815	236488
2666	547030	236287
2667	547236	236082
2668	547442	235878
2669	547651	235674
2670	547867	235474
2671	548075	235270
2672	548288	235068
2673	548505	234868
2674	548718	234667
2675	548937	234467
2676	549151	234266
2677	549371	234067
2678	549579	233863
2679	549782	233657
2680	550004	233459
2681	550213	233256
2682	550414	233049
2683	550617	232843
2684	550821	232637
2685	551020	232429
2686	551222	232223
2687	551428	232018
2688	551632	231812
2689	551843	231610
2690	552053	231406
2691	552260	231202
2692	552461	230995
2693	552664	230789
2694	552869	230584
2695	553074	230379
2696	553280	230174
2697	553484	229968
2698	553688	229763
2699	553894	229558
2700	554095	229351
2701	554301	229146
2702	554505	228941
2703	554710	228735
2704	554916	228531
2705	555118	228324
2706	555329	228121
2707	555535	227917
2708	555743	227713
2709	555954	227510
2710	556162	227306
2711	556373	227103
2712	556586	226901
2713	556803	226701
2714	557013	226498
2715	557221	226294
2716	557430	226090
2717	557636	225885
2718	557848	225683
2719	558058	225480
2720	558276	225280
2721	558487	225077
2722	558699	224875
2723	558911	224672
2724	559114	224466
2725	559329	224265
2726	559535	224060
2727	559744	223856
2728	559946	223650
2729	560150	223444
2730	560353	223238
2731	560557	223032
2732	560760	222826
2733	560964	222621
2734	561171	222416
2735	561376	222211
2736	561581	222006
2737	561785	221800
2738	561987	221593
2739	562189	221387
2740	562391	221181
2741	562594	220975
2742	562798	220769
2743	563000	220563
2744	563203	220357
2745	563405	220150
2746	563609	219945
2747	563811	219738
2748	564013	219532
2749	564213	219325
2750	564414	219118
2751	564615	218911
2752	564819	218705
2753	565023	218500
2754	565223	218293
2755	565426	218087
2756	565627	217880
2757	565838	217677
2758	566047	217474
2759	566250	217267
2760	566452	217061
2761	566653	216854
2762	566856	216648
2763	567065	216445
2764	567278	216242
2765	567495	216042
2766	567713	215842
2767	567933	215642
2768	568153	215442
2769	568374	215243
2770	568592	215043
2771	568811	214843
2772	569029	214642
2773	569249	214443
2774	569471	214244
2775	569690	214044
2776	569906	213843
2777	570124	213642
2778	570346	213443
2779	570563	213243
2780	570776	213040
2781	570979	212834
2782	571179	212627
2783	571380	212420
2784	571582	212214
2785	571783	212007
2786	571987	211801
2787	572187	211594
2788	572387	211387
2789	572588	211180
2790	572788	210973
2791	572990	210766
2792	573194	210561
2793	573395	210354
2794	573596	210147
2795	573797	209941
2796	573998	209734
2797	574199	209527
2798	574401	209320
2799	574602	209114
2800	574805	208908
2801	575009	208702
2802	575211	208496
2803	575416	208290
2804	575620	208085
2805	575824	207879
2806	576030	207674
2807	576237	207469
2808	576440	207263
2809	576643	207058
2810	576845	206851
2811	577046	206645
2812	577248	206438
2813	577449	206231
2814	577654	206026
2815	577869	205825
2816	578078	205620
2817	578306	205424
2818	578521	205222
2819	578744	205023
2820	578970	204825
2821	579189	204625
2822	579408	204424
2823	579628	204224
2824	579844	204023
2825	580062	203822
2826	580283	203622
2827	580500	203421
2828	580716	203219
2829	580934	203019
2830	581151	202817
2831	581366	202616
2832	581584	202415
2833	581802	202214
2834	582022	202014
2835	582241	201813
2836	582459	201612
2837	582679	201412
2838	582895	201210
2839	583112	201009
2840	583331	200808
2841	583549	200607
2842	583762	200405
2843	583981	200204
2844	584184	199998
2845	584386	199791
2846	584587	199585
2847	584790	199378
2848	584999	199174
2849	585202	198968
2850	585406	198763
2851	585610	198557
2852	585811	198350
2853	586016	198144
2854	586216	197938
2855	586419	197731
2856	586626	197526
2857	586836	197323
2858	587047	197119
2859	587254	196915
2860	587459	196709
2861	587662	196503
2862	587864	196297
2863	588071	196092
2864	588273	195885
2865	588475	195679
2866	588676	195472
2867	588878	195266
2868	589084	195061
2869	589296	194857
2870	589507	194654
2871	589722	194452
2872	589934	194249
2873	590147	194046
2874	590352	193840
2875	590558	193635
2876	590761	193429
2877	590965	193223
2878	591166	193017
2879	591367	192810
2880	591568	192603
2881	591768	192396
2882	591967	192189
2883	592169	191982
2884	592369	191775
2885	592570	191568
2886	592770	191361
2887	592971	191155
2888	593173	190949
2889	593375	190742
2890	593576	190535
2891	593778	190329
2892	593977	190122
2893	594183	189916
2894	594383	189710
2895	594587	189504
2896	594789	189297
2897	594989	189090
2898	595191	188884
2899	595394	188678
2900	595597	188472
2901	595799	188266
2902	596000	188059
2903	596202	187852
2904	596405	187646
2905	596608	187441
2906	596810	187234
2907	597013	187028
2908	597216	186822
2909	597419	186616
2910	597622	186410
2911	597827	186205
2912	598030	185999
2913	598235	185793
2914	598441	185588
2915	598651	185384
2916	598865	185182
2917	599076	184978
2918	599293	184776
2919	599504	184573
2920	599715	184369
2921	599919	184164
2922	600122	183958
2923	600325	183752
2924	600535	183548
2925	600737	183342
2926	600943	183136
2927	601150	182932
2928	601353	182726
2929	601558	182520
2930	601768	182316
2931	601974	182111
2932	602176	181905
2933	602378	181698
2934	602579	181492
2935	602785	181287
2936	602995	181083
2937	603199	180877
2938	603401	180671
2939	603603	180465
2940	603808	180259
2941	604015	180054
2942	604220	179849
2943	604425	179644
2944	604630	179438
2945	604840	179234
2946	605047	179029
2947	605251	178824
2948	605455	178618
2949	605659	178412
2950	605864	178207
2951	606070	178002
2952	606279	177798
2953	606485	177593
2954	606691	177387
2955	606897	177182
2956	607103	176977
2957	607309	176772
2958	607523	176569
2959	607734	176366
2960	607939	176160
2961	608143	175955
2962	608347	175749
2963	608553	175544
2964	608766	175341
2965	608972	175136
2966	609177	174930
2967	609384	174725
2968	609589	174520
2969	609794	174314
2970	609999	174109
2971	610204	173904
2972	610409	173698
2973	610614	173493
2974	610821	173288
2975	611027	173083
2976	611241	172880
2977	611446	172675
2978	611652	172470
2979	611857	172264
2980	612062	172059
2981	612276	171856
2982	612483	171651
2983	612695	171447
2984	612900	171242
2985	613105	171037
2986	613311	170832
2987	613526	170629
2988	613745	170427
2989	613956	170224
2990	614167	170020
2991	614377	169816
2992	614582	169610
2993	614791	169406
2994	615005	169203
2995	615212	168998
2996	615418	168793
2997	615626	168588
2998	615840	168385
2999	616052	168182
3000	616266	167979
3001	616480	167776
3002	616692	167572
3003	616898	167367
3004	617104	167162
3005	617312	166957
3006	617525	166754
3007	617733	166549
3008	617940	166345
3009	618148	166140
3010	618354	165934
3011	618565	165731
3012	618775	165527
3013	618983	165322
3014	619189	165117
3015	619394	164911
3016	619610	164709
3017	619818	164504
3018	620024	164299
3019	620229	164093
3020	620435	163888
3021	620641	163683
3022	620848	163478
3023	621053	163273
3024	621259	163067
3025	621463	162862
3026	621667	162656
3027	621873	162451
3028	622079	162245
3029	622285	162040
3030	622491	161835
3031	622696	161629
3032	622904	161425
3033	623108	161219
3034	623313	161014
3035	623519	160808
3036	623723	160603
3037	623929	160397
3038	624134	160192
3039	624339	159986
3040	624547	159782
3041	624754	159577
3042	624961	159372
3043	625166	159166
3044	625372	158961
3045	625583	158757
3046	625788	158552
3047	625995	158347
3048	626200	158141
3049	626406	157936
3050	626611	157731
3051	626814	157525
3052	627019	157319
3053	627224	157114
3054	627430	156908
3055	627634	156703
3056	627839	156497
3057	628044	156292
3058	628251	156087
3059	628457	155882
3060	628668	155678
3061	628875	155473
3062	629081	155267
3063	629285	155062
3064	629491	154856
3065	629697	154651
3066	629903	154446
3067	630108	154241
3068	630311	154035
3069	630517	153829
3070	630724	153624
3071	630930	153419
3072	631136	153214
3073	631341	153008
3074	631545	152803
3075	631753	152598
3076	631960	152393
3077	632170	152189
3078	632382	151985
3079	632595	151781
3080	632807	151578
3081	633012	151372
3082	633215	151166
3083	633427	150962
3084	633632	150757
3085	633837	150551
3086	634043	150346
3087	634249	150141
3088	634452	149935
3089	634654	149729
3090	634859	149523
3091	635070	149319
3092	635277	149114
3093	635478	148908
3094	635685	148703
3095	635891	148497
3096	636097	148292
3097	636302	148087
3098	636508	147881
3099	636714	147676
3100	636917	147470
3101	637124	147265
3102	637329	147060
3103	637531	146854
3104	637733	146647
3105	637935	146441
3106	638139	146236
3107	638342	146029
3108	638549	145825
3109	638757	145620
3110	638968	145416
3111	639176	145211
3112	639390	145007
3113	639594	144802
3114	639798	144596
3115	640001	144390
3116	640204	144184
3117	640404	143978
3118	640611	143773
3119	640814	143567
3120	641024	143362
3121	641237	143159
3122	641445	142954
3123	641653	142749
3124	641861	142544
3125	642069	142339
3126	642275	142134
3127	642481	141929
3128	642688	141724
3129	642893	141518
3130	643102	141314
3131	643310	141109
3132	643517	140904
3133	643724	140699
3134	643931	140494
3135	644140	140289
3136	644347	140084
3137	644554	139879
3138	644762	139674
3139	644968	139469
3140	645174	139264
3141	645382	139059
3142	645590	138854
3143	645797	138649
3144	645998	138442
3145	646203	138237
3146	646406	138031
3147	646618	137827
3148	646822	137621
3149	647025	137415
3150	647226	137209
3151	647426	137003
3152	647626	136796
3153	647827	136590
3154	648028	136383
3155	648230	136177
3156	648431	135971
3157	648630	135764
3158	648832	135558
3159	649035	135352
3160	649237	135146
3161	649440	134940
3162	649642	134734
3163	649846	134528
3164	650046	134322
3165	650247	134116
3166	650446	133909
3167	650647	133703
3168	650848	133496
3169	651049	133290
3170	651250	133084
3171	651453	132878
3172	651653	132671
3173	651855	132466
3174	652056	132259
3175	652258	132053
3176	652459	131847
3177	652661	131641
3178	652863	131435
3179	653064	131229
3180	653268	131023
3181	653471	130817
3182	653673	130611
3183	653874	130405
3184	654075	130198
3185	654280	129993
3186	654485	129788
3187	654692	129583
3188	654896	129377
3189	655101	129172
3190	655315	128968
3191	655520	128763
3192	655722	128556
3193	655924	128350
3194	656131	128145
3195	656339	127940
3196	656547	127736
3197	656748	127529
3198	656951	127324
3199	657153	127118
3200	657360	126913
3201	657564	126707
3202	657765	126501
3203	657968	126295
3204	658170	126089
3205	658374	125883
3206	658580	125678
3207	658781	125472
3208	658990	125267
3209	659197	125062
3210	659406	124858
3211	659608	124652
3212	659815	124446
3213	660019	124241
3214	660225	124036
3215	660429	123830
3216	660633	123624
3217	660837	123419
3218	661044	123214
3219	661253	123009
3220	661460	122804
3221	661664	122598
3222	661875	122394
3223	662081	122189
3224	662286	121983
3225	662490	121778
3226	662696	121573
3227	662899	121367
3228	663104	121161
3229	663307	120956
3230	663512	120750
3231	663715	120544
3232	663923	120340
3233	664128	120134
3234	664334	119929
3235	664538	119723
3236	664742	119518
3237	664954	119313
3238	665159	119108
3239	665363	118902
3240	665575	118698
3241	665796	118496
3242	666012	118292
3243	666261	118095
3244	666497	117895
3245	666711	117691
3246	666922	117486
3247	667128	117281
3248	667333	117076
3249	667539	116870
3250	667749	116666
3251	668096	116485
3252	668410	116298
3253	668617	116093
3254	668823	115888
3255	669027	115682
3256	669234	115477
3257	669439	115271
3258	669647	115066
3259	669996	114885
3260	670341	114704
3261	670557	114500
3262	670766	114295
3263	670972	114089
3264	671181	113884
3265	671389	113679
3266	671597	113474
3267	671805	113269
3268	672013	113064
3269	672219	112858
3270	672432	112654
3271	672638	112449
3272	672845	112243
3273	673066	112040
3274	673274	111835
3275	673480	111630
3276	673686	111424
3277	673893	111219
3278	674103	111014
3279	674308	110808
3280	674517	110603
3281	674723	110398
3282	674931	110192
3283	675138	109987
3284	675345	109782
3285	675551	109576
3286	675764	109372
3287	675973	109167
3288	676189	108963
3289	676403	108759
3290	676609	108553
3291	676816	108348
3292	677026	108143
3293	677241	107939
3294	677455	107734
3295	677671	107530
3296	677885	107326
3297	678093	107121
3298	678298	106915
3299	678504	106710
3300	678709	106504
3301	678921	106299
3302	679126	106094
3303	679333	105888
3304	679538	105683
3305	679749	105478
3306	679956	105272
3307	680163	105067
3308	680374	104862
3309	680580	104657
3310	680786	104451
3311	680990	104245
3312	681197	104040
3313	681412	103836
3314	681628	103632
3315	681841	103427
3316	682050	103222
3317	682257	103017
3318	682465	102811
3319	682672	102606
3320	682880	102401
3321	683084	102195
3322	683291	101989
3323	683503	101785
3324	683722	101581
3325	683941	101377
3326	684205	101180
3327	684426	100977
3328	684633	100772
3329	684840	100566
3330	685048	100361
3331	685255	100155
3332	685468	99951
3333	685877	99775
3334	686279	99598
3335	686672	99419
3336	687051	99238
3337	687267	99034
3338	687474	98828
3339	687683	98622
3340	687896	98418
3341	688120	98214
3342	688355	98012
3343	688563	97807
3344	688769	97601
3345	688975	97395
3346	689183	97189
3347	689390	96984
3348	689599	96778
3349	689806	96572
3350	690011	96366
3351	690220	96161
3352	690426	95955
3353	690630	95749
3354	690833	95542
3355	691038	95336
3356	691240	95130
3357	691446	94924
3358	691650	94718
3359	691853	94512
3360	692058	94306
3361	692260	94099
3362	692469	93894
3363	692680	93689
3364	692888	93483
3365	693104	93278
3366	693316	93073
3367	693526	92868
3368	693736	92662
3369	693946	92457
3370	694157	92252
3371	694370	92047
3372	694581	91842
3373	694794	91637
3374	695005	91431
3375	695217	91226
3376	695433	91022
3377	695641	90816
3378	695847	90610
3379	696054	90404
3380	696261	90198
3381	696476	89994
3382	696684	89788
3383	696890	89582
3384	697100	89377
3385	697306	89171
3386	697512	88965
3387	697718	88759
3388	697923	88553
3389	698127	88347
3390	698333	88141
3391	698535	87934
3392	698740	87728
3393	698944	87522
3394	699148	87316
3395	699352	87110
3396	699555	86903
3397	699758	86697
3398	699963	86491
3399	700167	86285
3400	700374	86079
3401	700581	85873
3402	700791	85668
3403	701001	85462
3404	701209	85257
3405	701419	85051
3406	701628	84846
3407	701837	84640
3408	702044	84434
3409	702248	84228
3410	702452	84022
3411	702657	83816
3412	702865	83610
3413	703074	83405
3414	703279	83199
3415	703486	82993
3416	703693	82787
3417	703901	82581
3418	704108	82375
3419	704315	82170
3420	704521	81964
3421	704733	81758
3422	704943	81553
3423	705154	81348
3424	705360	81142
3425	705568	80936
3426	705779	80731
3427	705987	80525
3428	706192	80319
3429	706397	80113
3430	706604	79907
3431	706808	79701
3432	707013	79495
3433	707218	79289
3434	707424	79083
3435	707629	78877
3436	707834	78671
3437	708040	78465
3438	708244	78259
3439	708450	78053
3440	708657	77847
3441	708862	77641
3442	709072	77435
3443	709278	77229
3444	709485	77023
3445	709691	76818
3446	709898	76612
3447	710103	76406
3448	710310	76200
3449	710517	75994
3450	710722	75788
3451	710927	75582
3452	711132	75376
3453	711337	75170
3454	711542	74964
3455	711748	74758
3456	711954	74552
3457	712161	74346
3458	712367	74140
3459	712574	73934
3460	712781	73728
3461	712987	73522
3462	713195	73317
3463	713403	73111
3464	713610	72905
3465	713815	72699
3466	714020	72493
3467	714225	72287
3468	714433	72081
3469	714639	71875
3470	714844	71669
3471	715049	71463
3472	715257	71257
3473	715462	71051
3474	715674	70846
3475	715887	70641
3476	716094	70435
3477	716300	70229
3478	716507	70023
3479	716713	69817
3480	716923	69612
3481	717130	69406
3482	717337	69200
3483	717544	68994
3484	717752	68788
3485	717960	68583
3486	718177	68378
3487	718385	68172
3488	718592	67966
3489	718797	67760
3490	719005	67554
3491	719222	67349
3492	719430	67144
3493	719639	66938
3494	719846	66732
3495	720056	66526
3496	720261	66320
3497	720467	66114
3498	720671	65908
3499	720875	65702
3500	721079	65496
3501	721284	65290
3502	721488	65084
3503	721691	64878
3504	721896	64672
3505	722101	64466
3506	722307	64260
3507	722513	64054
3508	722717	63847
3509	722920	63641
3510	723125	63435
3511	723329	63229
3512	723535	63023
3513	723737	62817
3514	723941	62611
3515	724146	62405
3516	724350	62199
3517	724555	61992
3518	724758	61786
3519	724964	61580
3520	725170	61374
3521	725373	61168
3522	725578	60962
3523	725783	60756
3524	725988	60550
3525	726194	60344
3526	726400	60138
3527	726607	59932
3528	726811	59726
3529	727017	59520
3530	727222	59314
3531	727428	59108
3532	727635	58902
3533	727839	58696
3534	728044	58490
3535	728250	58284
3536	728454	58078
3537	728660	57872
3538	728866	57666
3539	729069	57460
3540	729275	57254
3541	729478	57048
3542	729679	56842
3543	729883	56636
3544	730088	56429
3545	730293	56223
3546	730498	56017
3547	730709	55812
3548	730917	55606
3549	731124	55400
3550	731332	55194
3551	731537	54988
3552	731746	54783
3553	731953	54577
3554	732161	54371
3555	732370	54165
3556	732582	53960
3557	732795	53754
3558	733004	53549
3559	733213	53343
3560	733420	53137
3561	733628	52931
3562	733838	52725
3563	734047	52520
3564	734254	52314
3565	734464	52108
3566	734674	51902
3567	734886	51697
3568	735093	51491
3569	735300	51285
3570	735504	51079
3571	735709	50873
3572	735912	50667
3573	736120	50461
3574	736325	50255
3575	736529	50049
3576	736735	49843
3577	736940	49637
3578	737144	49431
3579	737349	49225
3580	737555	49019
3581	737759	48813
3582	737963	48607
3583	738168	48401
3584	738373	48195
3585	738577	47988
3586	738783	47783
3587	738988	47577
3588	739192	47370
3589	739396	47164
3590	739603	46958
3591	739807	46752
3592	740012	46546
3593	740217	46340
3594	740420	46134
3595	740627	45928
3596	740831	45722
3597	741036	45516
3598	741241	45310
3599	741445	45104
3600	741652	44898
3601	741859	44692
3602	742067	44486
3603	742273	44281
3604	742478	44075
3605	742684	43869
3606	742887	43662
3607	743090	43456
3608	743293	43250
3609	743498	43044
3610	743703	42838
3611	743908	42632
3612	744115	42426
3613	744319	42220
3614	744524	42014
3615	744728	41808
3616	744931	41602
3617	745137	41396
3618	745343	41190
3619	745549	40984
3620	745761	40778
3621	745969	40573
3622	746176	40367
3623	746383	40161
3624	746598	39955
3625	746808	39750
3626	747014	39544
3627	747219	39338
3628	747425	39132
3629	747633	38926
3630	747847	38720
3631	748053	38514
3632	748258	38308
3633	748467	38103
3634	748675	37897
3635	748887	37691
3636	749092	37485
3637	749299	37279
3638	749510	37073
3639	749720	36868
3640	749930	36662
3641	750140	36456
3642	750348	36250
3643	750552	36044
3644	750756	35838
3645	750960	35632
3646	751167	35426
3647	751372	35220
3648	751579	35014
3649	751784	34808
3650	751988	34602
3651	752193	34396
3652	752396	34190
3653	752600	33984
3654	752804	33778
3655	753010	33572
3656	753214	33366
3657	753420	33160
3658	753624	32954
3659	753829	32748
3660	754033	32542
3661	754237	32336
3662	754442	32130
3663	754647	31924
3664	754850	31718
3665	755055	31512
3666	755258	31306
3667	755466	31100
3668	755669	30894
3669	755875	30688
3670	756079	30482
3671	756284	30276
3672	756491	30070
3673	756695	29864
3674	756900	29658
3675	757103	29452
3676	757307	29246
3677	757511	29039
3678	757718	28834
3679	757924	28628
3680	758127	28422
3681	758333	28216
3682	758540	28010
3683	758746	27804
3684	758955	27598
3685	759161	27392
3686	759372	27186
3687	759585	26980
3688	759797	26775
3689	760010	26569
3690	760226	26363
3691	760439	26158
3692	760650	25952
3693	760860	25746
3694	761076	25540
3695	761286	25335
3696	761495	25129
3697	761712	24923
3698	761928	24717
3699	762137	24511
3700	762342	24305
3701	762548	24099
3702	762756	23894
3703	762964	23688
3704	763172	23482
3705	763383	23276
3706	763590	23070
3707	763795	22864
3708	764004	22658
3709	764212	22452
3710	764418	22246
3711	764629	22040
3712	764840	21834
3713	765048	21629
3714	765257	21423
3715	765464	21217
3716	765669	21011
3717	765874	20805
3718	766079	20599
3719	766283	20393
3720	766487	20186
3721	766693	19980
3722	766897	19774
3723	767102	19568
3724	767308	19362
3725	767519	19157
3726	767727	18951
3727	767935	18745
3728	768144	18539
3729	768361	18333
3730	768575	18127
3731	768793	17922
3732	769011	17716
3733	769226	17510
3734	769437	17304
3735	769643	17098
3736	769860	16892
3737	770072	16686
3738	770283	16481
3739	770494	16275
3740	770704	16069
3741	770905	15863
3742	771114	15657
3743	771341	15451
3744	771553	15245
3745	771763	15039
3746	771971	14833
3747	772178	14627
3748	772384	14421
3749	772588	14215
3750	772795	14009
3751	773003	13803
3752	773207	13597
3753	773414	13391
3754	773622	13185
3755	773828	12979
3756	774035	12773
3757	774241	12567
3758	774446	12361
3759	774653	12155
3760	774861	11949
3761	775068	11743
3762	775277	11537
3763	775483	11331
3764	775691	11125
3765	775898	10919
3766	776105	10713
3767	776311	10507
3768	776511	10301
3769	776713	10095
3770	776912	9889
3771	777114	9683
3772	777316	9476
3773	777524	9270
3774	777726	9064
3775	777927	8858
3776	778128	8652
3777	778329	8446
3778	778531	8240
3779	778732	8034
3780	778934	7828
3781	779136	7622
3782	779338	7416
3783	779545	7210
3784	779748	7004
3785	779948	6798
3786	780149	6592
3787	780351	6386
3788	780552	6180
3789	780752	5974
3790	780954	5768
3791	781154	5562
3792	781356	5355
3793	781557	5149
3794	781759	4943
3795	781961	4737
3796	782163	4531
3797	782363	4325
3798	782572	4119
3799	782776	3913
3800	782981	3707
3801	783183	3501
3802	783385	3295
3803	783586	3089
3804	783788	2883
3805	783990	2677
3806	784191	2471
3807	784393	2265
3808	784593	2059
3809	784796	1853
3810	784997	1647
3811	785198	1441
3812	785400	1235
3813	785601	1029
3814	785808	823
3815	786010	617
3816	786212	411
3817	786412	205
3818	786612	0
